sample_id,timestamp,device_id,class_label,category,flex_1,flex_2,flex_3,flex_4,flex_5,gyro_x,gyro_y,gyro_z,accel_x,accel_y,accel_z,battery_level,signal_strength
11,2025-07-26T21:03:27.191923,DEMO_UNIFIED_001,ㄱ,consonant,869.827097371533,285.4517396356312,316.69036467216074,291.5916884382883,284.22741015425015,1.702886553673523,-0.8285249763892828,0.1107219795185734,0.1786754565406104,-9.86445934197635,0.0635612838240555,94.21640285231412,-31
47,2025-07-26T21:03:27.404820,DEMO_UNIFIED_001,ㄱ,consonant,862.0949511240234,317.97222467587306,290.4760990923289,282.04916207345235,303.9080555178458,1.8256413140808427,-0.7371787692199638,0.1922823575591121,0.1207823617575646,-9.80813688758134,0.191863312905241,85.2045864884461,-34
85,2025-07-26T21:03:27.619323,DEMO_UNIFIED_001,ㄱ,consonant,844.6989146112928,316.7869845335082,287.260661510503,312.56212198648404,302.8136078382319,1.552529646456251,-0.7172538454197297,0.1919473476802214,0.1159826946684749,-9.843054845671224,0.1100257523999361,94.0959091350386,-43
28,2025-07-26T21:03:27.297727,DEMO_UNIFIED_001,ㄱ,consonant,861.6925437573112,312.40256408807,297.2328213289629,308.76938588495995,294.85753610432687,2.3813496080164933,-1.0972489065122897,0.0237291751504458,0.2800125476035521,-9.836508400355257,0.0012672103550945,96.4868639544915,-46
93,2025-07-26T21:03:27.619382,DEMO_UNIFIED_001,ㄱ,consonant,856.5287296901761,287.58892904457895,298.63418809772696,281.2725188168368,298.9129364466092,1.6090236963421938,-1.3623669475420526,-0.2251538732018453,0.237880622755563,-9.855588101811744,0.0547212560606619,96.4131429182703,-37
5,2025-07-26T21:03:27.191835,DEMO_UNIFIED_001,ㄱ,consonant,847.2335193133415,284.7888156432681,319.6765518037944,291.62986892802803,291.78039414061146,1.5613297885597222,-0.5071995730301417,-0.3746874171130054,0.1598083376250841,-9.770111230740335,0.1776137008494601,97.9423083109789,-33
66,2025-07-26T21:03:27.511961,DEMO_UNIFIED_001,ㄱ,consonant,847.8423285913819,316.81511609127404,302.9512004941947,315.5397961584933,287.24875600110687,1.8702469182036152,-0.5713879952126012,0.378477627961139,0.248944055834754,-9.746524146632638,0.0739995461059038,85.2383860518785,-32
65,2025-07-26T21:03:27.511847,DEMO_UNIFIED_001,ㄱ,consonant,832.0327599206357,309.8174669033485,288.91727818234006,304.34508062566596,315.033917323139,2.4640073856484377,-0.7396934015212373,-0.3546284672509657,0.2511139057575312,-9.845495612089628,0.0648513454116763,95.64568224955612,-48
35,2025-07-26T21:03:27.297818,DEMO_UNIFIED_001,ㄱ,consonant,831.7915126078123,302.21812851378616,313.73186736733675,306.2343167605462,289.55705610303227,1.6498085289767208,-0.7693674381025143,0.0460083141684762,0.2839326109022762,-9.864179037887055,0.0351344057879214,85.23712494751764,-39
16,2025-07-26T21:03:27.191982,DEMO_UNIFIED_001,ㄱ,consonant,868.488662768442,307.73900785970386,283.2505962392924,294.1744782404637,280.86405802034665,2.0971990624585684,-0.5566072448399788,-0.4469601787751112,0.2267801673164706,-9.741185600027723,0.0948915036827849,95.00613931618967,-31
49,2025-07-26T21:03:27.404855,DEMO_UNIFIED_001,ㄱ,consonant,858.6778217486536,310.0364528700164,312.9643529669372,290.26014726143364,314.870111507905,2.393275262883244,-1.0034014978173025,0.1148667828141033,0.1333166593014604,-9.709314806771165,0.1462133052656888,86.60966070703228,-38
34,2025-07-26T21:03:27.297806,DEMO_UNIFIED_001,ㄱ,consonant,863.5056967369669,296.08955617644716,301.92732396007403,289.68799950856095,280.2538652525843,2.25770363285026,-1.2942718461127825,-0.1648938890850185,0.1288262688358217,-9.879074371309846,0.1274038235275994,93.7920980404707,-46
7,2025-07-26T21:03:27.191865,DEMO_UNIFIED_001,ㄱ,consonant,831.2047222241865,308.9185718147277,281.42357226825254,293.86504950430174,308.74665651660536,2.351251460295383,-0.6655594618619396,-0.4692491883866154,0.2294275900995281,-9.701376496127445,0.1273813441964878,91.08608191831124,-41
95,2025-07-26T21:03:27.619396,DEMO_UNIFIED_001,ㄱ,consonant,852.1559117488641,281.72725757263476,292.0623346530923,313.6358475103247,311.4676669174039,1.7034052003884868,-0.5678557622249155,0.2284808310814885,0.1919680251253681,-9.894587529209709,0.1338927091240759,92.1308668640476,-36
27,2025-07-26T21:03:27.297711,DEMO_UNIFIED_001,ㄱ,consonant,854.2606712369179,307.78969593036635,313.1729801537205,313.83707435520137,309.63895953466437,2.3067541718716327,-1.3721314169338403,0.4031561269873437,0.179071748206649,-9.88869978323642,0.0169356115614393,97.42053723439923,-39
19,2025-07-26T21:03:27.192014,DEMO_UNIFIED_001,ㄱ,consonant,850.4368745318701,309.73513928589784,294.59555061181857,305.4098311581712,316.87513305653647,1.946495449791391,-1.1492448586073634,0.1935366781303467,0.139665148817219,-9.711030953151544,0.1141425799600186,99.53339280080016,-42
81,2025-07-26T21:03:27.619288,DEMO_UNIFIED_001,ㄱ,consonant,837.9147766576423,281.65256689989695,291.9163675239228,284.24518265338895,281.1054975746813,1.730993279511667,-0.7171410139927262,0.2446910013258397,0.250994823964085,-9.79532028738856,0.1900871110452671,90.57028286584868,-46
25,2025-07-26T21:03:27.297685,DEMO_UNIFIED_001,ㄱ,consonant,853.2691095572007,319.80165106773904,313.75496863745815,296.0110407483624,309.1700672733194,1.9349365755891863,-0.81355715459579,0.0696708598704509,0.2264475892876706,-9.86583608917293,0.1488420477196443,97.96714744091386,-44
62,2025-07-26T21:03:27.511742,DEMO_UNIFIED_001,ㄱ,consonant,861.8242874188024,288.74954772570675,293.0887287971458,303.62722412964155,295.4780524680256,1.7806274066657322,-0.8929041688410156,-0.1842330295236608,0.1181248072475415,-9.796111069718068,0.1422976152660549,96.85766026992194,-40
13,2025-07-26T21:03:27.191948,DEMO_UNIFIED_001,ㄱ,consonant,868.3446852029449,302.99274588810994,309.2758325977975,311.3241805739493,311.4198930531459,1.9183165719050137,-1.2238708610921143,0.0644764492669632,0.2580171351142692,-9.87811399180405,0.1321776148870455,93.28360795947654,-31
24,2025-07-26T21:03:27.297671,DEMO_UNIFIED_001,ㄱ,consonant,853.7733141124999,291.0402303153535,317.69871929136394,291.5288187691358,307.2587520979123,2.3997045535490935,-0.7745814211325034,0.1862703205272329,0.2600704905351789,-9.879899439425406,0.1294592477447337,99.16008041547408,-40
3,2025-07-26T21:03:27.191788,DEMO_UNIFIED_001,ㄱ,consonant,863.2901798061964,298.79815398652283,290.7051495194173,316.154649183739,282.0742318142079,2.185092166121952,-1.160201563413798,-0.1090135945549702,0.1503439136384574,-9.87166613197091,0.1110016600896014,97.23849841019076,-45
17,2025-07-26T21:03:27.191992,DEMO_UNIFIED_001,ㄱ,consonant,831.4783752202037,305.1068064743196,317.1092248233622,315.10801983065016,300.0730079553135,2.283016738120625,-1.1234916492691094,0.0361473611958221,0.2924454159371514,-9.865981105640676,0.041552840372603,90.92280717539327,-33
38,2025-07-26T21:03:27.297861,DEMO_UNIFIED_001,ㄱ,consonant,837.1828071206899,283.64292169913904,309.63420261983134,310.9870516960153,288.41609998907137,1.70451697832215,-1.376467387743236,-0.4840987979661918,0.2801773720485296,-9.738345954206702,0.1895572199414543,85.66395053167759,-43
8,2025-07-26T21:03:27.191884,DEMO_UNIFIED_001,ㄱ,consonant,860.4171712643086,291.3164701461774,294.07522164345784,295.1906146781943,282.15537325286306,1.6881215173863684,-1.000968988866731,-0.4308493600106946,0.1070959799783256,-9.813594583194716,0.0740822439906164,85.07701838542148,-35
78,2025-07-26T21:03:27.512263,DEMO_UNIFIED_001,ㄱ,consonant,848.2076265648776,298.62098922580367,302.1378102372783,303.57030078183914,310.2828318443169,2.2137184339150373,-0.9284521615349872,0.1571597568876658,0.2771950468352277,-9.730691323306718,0.1131379380929384,98.10830310191402,-36
6,2025-07-26T21:03:27.191848,DEMO_UNIFIED_001,ㄱ,consonant,830.2476279004931,318.1926698661233,294.83412282740915,285.50850127229046,307.2875381489093,2.3895861284190225,-1.183239310033847,0.4259995248927878,0.1962386720470544,-9.714782046774676,0.0720997115719642,94.49405292602422,-35
64,2025-07-26T21:03:27.511762,DEMO_UNIFIED_001,ㄱ,consonant,864.3591566320237,299.3621538366393,296.8017232567546,306.50146082931565,311.34452814326767,1.8157804992456037,-1.1586222227167524,-0.0562361300071159,0.289822296391318,-9.7378350551574,0.1950050217934777,91.47744379142527,-36
36,2025-07-26T21:03:27.297831,DEMO_UNIFIED_001,ㄱ,consonant,846.2253138657356,312.4367083524251,318.3057027431108,314.3311619299228,289.6918299744817,2.469898579288337,-1.336574566281265,-0.3552535008531439,0.2921042757406782,-9.79834914807729,0.1298980557498579,97.39665169043003,-36
89,2025-07-26T21:03:27.619352,DEMO_UNIFIED_001,ㄱ,consonant,868.60316194056,283.8468014260532,301.2656794894319,312.9650499116628,310.22377382625365,2.3246497931992662,-0.936227547929588,-0.4318908142449127,0.2142027269268007,-9.8551601890911,0.1016869205216329,85.96751309564578,-35
56,2025-07-26T21:03:27.404995,DEMO_UNIFIED_001,ㄱ,consonant,833.0960568841791,282.010425779388,295.58681487629656,291.02245064568854,303.8780596147662,2.102610584359202,-0.6280728880056181,0.2148417394609136,0.1594709953798822,-9.855562200188436,0.0980450829827718,90.34238782451185,-32
99,2025-07-26T21:03:27.619425,DEMO_UNIFIED_001,ㄱ,consonant,869.6917114368528,312.44418804396037,287.3809029986065,301.2651047690115,294.39203922834525,2.0715739111129823,-0.6982366534368313,-0.0594545659374992,0.2225520190340474,-9.7832947347186,0.0401209216646089,88.13218038214393,-34
54,2025-07-26T21:03:27.404943,DEMO_UNIFIED_001,ㄱ,consonant,833.6925865528518,288.1714188933664,294.6771231907589,315.7624068033332,288.84631888662375,2.1104760319399745,-1.1958599911806187,-0.4482660861794811,0.2058951069743915,-9.801188960705298,0.1677657093292548,95.9971722255103,-42
43,2025-07-26T21:03:27.404743,DEMO_UNIFIED_001,ㄱ,consonant,848.6034849290046,282.13107209459076,281.1590960886969,283.7569313593628,303.1396832796766,1.5741466169220342,-0.6413889385838081,0.2407657589584243,0.1429681839613033,-9.737992943869392,0.0938135681090663,98.74340301234284,-49
50,2025-07-26T21:03:27.404873,DEMO_UNIFIED_001,ㄱ,consonant,832.3568583607853,291.78122054744443,287.4722825149077,280.6441551588241,282.0787490777742,2.0990401960870044,-0.5743530716752392,0.397340174280066,0.1837885532392952,-9.792255818140914,0.0372518054061462,88.66554966121005,-32
67,2025-07-26T21:03:27.511994,DEMO_UNIFIED_001,ㄱ,consonant,857.9545200282353,318.42780063908594,285.6406879547017,303.66989469203327,312.85145272284865,2.3389539218661457,-0.8891994729308568,-0.0552041237973791,0.1061197892790804,-9.85542845085209,0.0424207402838775,98.64704517627248,-30
46,2025-07-26T21:03:27.404802,DEMO_UNIFIED_001,ㄱ,consonant,866.7279607707035,292.6510609213417,314.8212950493306,309.9917493822062,284.01968206990773,2.207668091116682,-0.564192412001848,-0.0844851853639613,0.2062298937881933,-9.815798870278254,0.1491813087305843,86.06131791592824,-48
68,2025-07-26T21:03:27.512011,DEMO_UNIFIED_001,ㄱ,consonant,852.7207396120912,307.13958899183876,310.0874667671912,293.2184251065842,291.28240955295513,2.1864553491120953,-0.8337346804830502,0.1486839942476389,0.1129062756990054,-9.763634813793384,0.0374070513614149,98.72282915319174,-50
61,2025-07-26T21:03:27.511704,DEMO_UNIFIED_001,ㄱ,consonant,856.8460415266325,295.8350148247632,313.7979508627822,282.0602203679745,282.087217415131,1.5742218619361603,-0.7154478950013093,-0.2512035932027248,0.244160373485067,-9.726955234580124,0.0738336453292868,86.04170347305424,-41
97,2025-07-26T21:03:27.619411,DEMO_UNIFIED_001,ㄱ,consonant,836.7265792577464,309.60443106472195,296.90396447357523,310.53505535245694,310.8783492870967,1.5622631400363391,-0.82838663579157,0.4061136118272898,0.1428863215289328,-9.74228000383125,0.0837726991488737,90.416214629745,-35
79,2025-07-26T21:03:27.512277,DEMO_UNIFIED_001,ㄱ,consonant,832.7990246369527,314.3599332037352,291.6422450592664,302.3259185445683,298.62778498511267,2.033809318256205,-1.0432043319441364,0.1641672404819301,0.1654182415349533,-9.879098843324597,0.1301920911649377,91.44288296993297,-37
41,2025-07-26T21:03:27.404703,DEMO_UNIFIED_001,ㄱ,consonant,833.5698654118781,314.6223917654974,303.6447162600897,311.01798246675025,285.1661286872528,1.5070592475831743,-0.9111214262778634,-0.3797999744413299,0.2282275121757272,-9.805370590340832,0.0098860096328992,91.34426571526552,-43
58,2025-07-26T21:03:27.405030,DEMO_UNIFIED_001,ㄱ,consonant,836.9189311261472,308.77523809210754,288.8385014004359,282.86556385766767,314.0374407427844,1.652098413018428,-1.151687661296503,0.4267487310234844,0.1156211197658282,-9.769131463447463,0.1394285957296775,95.44830183250326,-39
48,2025-07-26T21:03:27.404837,DEMO_UNIFIED_001,ㄱ,consonant,857.2845468138631,313.9074676536964,297.40384254107397,304.8504510483378,296.21372024049055,1.9490248570914936,-0.8599104355538035,-0.3597739159904486,0.2913429592339835,-9.701683091632567,0.0864227521214646,97.78899113679256,-44
98,2025-07-26T21:03:27.619418,DEMO_UNIFIED_001,ㄱ,consonant,838.733029601946,284.16314956473815,299.6148803800132,310.63749415420307,290.44589132951404,1.979673083007552,-0.7879171688440421,-0.301951064995183,0.2773014087622438,-9.828887996701672,0.0405709820966257,86.54218054668303,-46
57,2025-07-26T21:03:27.405013,DEMO_UNIFIED_001,ㄱ,consonant,848.848357387472,314.7612474327583,295.0335315009756,298.75952831995966,290.04446927100304,1.6540618454548175,-0.5321069219294685,-0.1026022817022125,0.2558099184843718,-9.869099249536756,0.1774374531010021,98.2778583825406,-32
75,2025-07-26T21:03:27.512218,DEMO_UNIFIED_001,ㄱ,consonant,858.8729485782612,295.0766104410411,280.3961170474351,291.12488411717356,293.5711158171398,1.792001968378654,-1.407095836977572,-0.1443823313033231,0.2495508701335165,-9.8621792693869,0.1384619171842477,96.91821857853726,-33
32,2025-07-26T21:03:27.297780,DEMO_UNIFIED_001,ㄱ,consonant,863.094486959456,306.77394427863527,288.2079582984231,302.07428334622557,312.4905453005562,1.986218065911765,-1.1441647364457033,-0.3357136496019134,0.1679913416453954,-9.771145316571486,0.128388670103738,99.76669394187878,-39
94,2025-07-26T21:03:27.619389,DEMO_UNIFIED_001,ㄱ,consonant,832.5298831281871,313.67628662894475,286.188027834596,306.91445119923674,310.8184505488141,2.201375153770556,-1.0672108364841202,0.0116548243531853,0.2914383415464783,-9.8787623116658,0.0802927391148964,89.52455814641728,-46
59,2025-07-26T21:03:27.405046,DEMO_UNIFIED_001,ㄱ,consonant,846.6614152545159,281.00931516391233,297.1302486618366,285.087439913013,304.87116448098607,2.0506640137082988,-0.8368369900476638,0.3350035059443924,0.2003315770780062,-9.728435048390434,0.1798193440922698,94.49624255418264,-32
63,2025-07-26T21:03:27.511752,DEMO_UNIFIED_001,ㄱ,consonant,843.5340260676778,315.8141333692086,300.2642188543103,304.04911792775664,315.5175300746333,1.750464826061255,-0.7578402457706416,0.3838785743471555,0.1979782730179778,-9.851570387230952,0.0679771264048747,97.22025865425891,-47
84,2025-07-26T21:03:27.619313,DEMO_UNIFIED_001,ㄱ,consonant,841.288340078221,281.55843976952775,281.5350796308494,312.88322359763276,292.8746079480767,2.1381071538713763,-1.1808451792050625,0.0518553151873476,0.1790763775263596,-9.742158128479682,0.0933956991985994,89.51955595408394,-42
37,2025-07-26T21:03:27.297848,DEMO_UNIFIED_001,ㄱ,consonant,830.3132459313816,297.09122741318976,286.76256355953757,309.6900068330762,312.05652484093434,2.0374547671427865,-1.4560972723387546,-0.1547747971011501,0.2268699168312462,-9.76111987911499,0.0542905566003307,94.35825334851528,-44
29,2025-07-26T21:03:27.297741,DEMO_UNIFIED_001,ㄱ,consonant,835.770961500338,298.1122921655406,319.7381675029129,319.93602925912313,308.76426336117896,2.196421725715985,-0.615698980921371,-0.4554016943631769,0.2662330375635887,-9.72154764838402,0.1600753490479388,92.66227335175954,-45
1,2025-07-26T21:03:27.191745,DEMO_UNIFIED_001,ㄱ,consonant,850.6403774686141,296.73040468407135,301.09277422231764,315.7272320788892,296.7815997143732,1.814157224909384,-1.4147520228302608,0.2330057366757517,0.2598917570061267,-9.75538831774924,0.0439332731487102,92.75976299263212,-45
52,2025-07-26T21:03:27.404908,DEMO_UNIFIED_001,ㄱ,consonant,837.9514210514527,301.88765963979455,293.0483354697265,305.5814816622701,287.83901738762523,1.66707515979742,-0.7512819836589325,-0.2457282670410313,0.1046364548536632,-9.729798946019171,0.19696285784555,92.1455055103672,-32
21,2025-07-26T21:03:27.297622,DEMO_UNIFIED_001,ㄱ,consonant,866.7918570973436,310.451062475939,309.5349656622812,293.9082886064409,294.4249920243764,1.8089044590042576,-1.3938899522515928,0.4555009146230364,0.1356442496430178,-9.86462361992315,0.0978278925432625,97.42407783246384,-43
2,2025-07-26T21:03:27.191767,DEMO_UNIFIED_001,ㄱ,consonant,848.9251150945798,280.8768778376714,286.4997808310505,319.9373490894155,284.7947879524159,2.1137424883622056,-1.3946546842117336,-0.0148712182835757,0.1517652744109602,-9.738889583462733,0.1859024677879639,90.52080845969148,-33
23,2025-07-26T21:03:27.297657,DEMO_UNIFIED_001,ㄱ,consonant,841.6137622030907,319.79151709129656,298.60286703080965,297.2507954805998,302.8258003310805,2.4773714851087503,-0.5497360353725752,-0.2937120880295496,0.1573380815980642,-9.842051890568454,0.0570048856575978,92.1307358199116,-42
87,2025-07-26T21:03:27.619338,DEMO_UNIFIED_001,ㄱ,consonant,857.7284461914838,299.51899551452084,316.2415049294289,319.0927078129295,281.6365857685416,1.9405929191910425,-1.0800660852343649,-0.2857692836750796,0.1100280745159023,-9.71427857032529,0.0689704636274609,95.66676408643008,-41
91,2025-07-26T21:03:27.619367,DEMO_UNIFIED_001,ㄱ,consonant,863.8413732505398,307.28273168290747,310.7180140389712,315.611796834569,305.3059860170688,1.664449604048532,-1.4942344015533373,-0.3539724410669265,0.1416681908960853,-9.89856931181208,0.0847693951178645,85.07225012058572,-40
74,2025-07-26T21:03:27.512203,DEMO_UNIFIED_001,ㄱ,consonant,840.7560258449155,280.6173526260462,311.8383393902833,289.12332140948945,309.32347529635643,1.7667656560216276,-0.9913723382839786,0.3769073798587287,0.1820935157007342,-9.82932550164418,0.0453478586054874,88.06694089992818,-41
86,2025-07-26T21:03:27.619331,DEMO_UNIFIED_001,ㄱ,consonant,851.00685284226,317.9838470919967,294.45265321233245,297.3737050868018,282.15542989284285,2.31192784933915,-1.0839791846977629,0.3558406806720612,0.2947643582108332,-9.849608846918054,0.1990583005284466,88.23054846774781,-37
82,2025-07-26T21:03:27.619297,DEMO_UNIFIED_001,ㄱ,consonant,859.4621509308395,313.61887286869734,314.94622783837474,283.6163822018338,286.0131617150713,2.252472433723678,-0.8642826870990146,0.3909983953455956,0.1560797559349687,-9.715714117440715,0.166951551778313,89.96479692162961,-33
20,2025-07-26T21:03:27.297501,DEMO_UNIFIED_001,ㄱ,consonant,842.0348850914817,283.4243179233667,316.5186685067864,293.71419359138815,295.9298011057733,2.4243703135730748,-1.3016289635194789,0.0053890725162323,0.1550913400358754,-9.778321878763702,0.028604184378086,92.5232631988458,-48
60,2025-07-26T21:03:27.511531,DEMO_UNIFIED_001,ㄱ,consonant,849.4989553965164,305.03894296870044,308.03663612904757,284.79043839909974,296.45124902861363,2.162925071923089,-1.4783657776679249,-0.2891117671033812,0.1620037506406051,-9.874384509936306,0.171345938312027,92.20266328453988,-35
71,2025-07-26T21:03:27.512140,DEMO_UNIFIED_001,ㄱ,consonant,868.7213061961438,316.1315119045045,310.1805693025638,281.53995989043335,283.9355553833584,1.879218989423907,-1.4032449877152429,0.135825747957393,0.1744167536735995,-9.772587303556818,0.1117926585243243,88.09067513701987,-47
14,2025-07-26T21:03:27.191960,DEMO_UNIFIED_001,ㄱ,consonant,831.256555924741,285.0313627720647,300.29073378149235,304.5266323816021,313.67267960461663,2.3754954871077123,-0.8351665355864114,-0.1337121627645874,0.2317863633383149,-9.808348600877451,0.0266869125763734,96.4173668592354,-50
92,2025-07-26T21:03:27.619374,DEMO_UNIFIED_001,ㄱ,consonant,833.1662433982729,313.07970156790554,282.46733296746567,300.76857836160264,296.12407895186686,2.300127883632111,-0.6664288536272712,0.0843568010530608,0.2380059377663187,-9.754324073392295,0.0577541271876676,99.47088855442598,-42
51,2025-07-26T21:03:27.404892,DEMO_UNIFIED_001,ㄱ,consonant,835.6642231721689,290.8670513013748,291.0452397972912,291.60926927362897,299.95206145919065,1.984262548336744,-1.45023281515433,0.3101376950487059,0.210239984367614,-9.8897292327861,0.1862892318607699,90.38083236942532,-45
11,2025-07-26T21:03:27.727685,DEMO_UNIFIED_001,ㅏ,vowel,207.15656486881713,181.98173217213255,866.0476907343673,837.0558064254748,861.0273045301661,0.4567054442451128,0.1658704085822463,14.570327943575458,0.3187477315154259,-9.71429703419782,0.1867831950553592,95.3883381105882,-35
47,2025-07-26T21:03:27.939511,DEMO_UNIFIED_001,ㅏ,vowel,215.36160038780935,205.3835812586924,850.7214609582984,840.4699396979491,844.4448875135022,-0.4230983762471235,0.0861418260155183,14.783424778815672,0.2336773841955461,-9.759640363279289,0.1120108549489649,88.85102963101335,-35
85,2025-07-26T21:03:28.152200,DEMO_UNIFIED_001,ㅏ,vowel,180.2234179496592,199.03657912455031,844.6616252273227,841.0229455833419,846.5052494993541,0.1114172218134695,0.0968749418689401,14.673328396812158,0.3558527018572621,-9.611024303052837,0.0809622091108235,97.53307524777765,-32
28,2025-07-26T21:03:27.833251,DEMO_UNIFIED_001,ㅏ,vowel,219.97700777584984,201.88650941522803,835.5894483614018,850.2644920026559,854.993323286455,-0.0051738414650001,-0.3571921918808522,15.029913147565235,0.2222773391710922,-9.651488087862877,0.0061325053128064,95.96938412613451,-50
93,2025-07-26T21:03:28.152320,DEMO_UNIFIED_001,ㅏ,vowel,187.9109174844619,184.43391110817944,854.273379580696,862.7782513392042,868.6502136179645,-0.2705159954380808,0.2079154968706904,15.16670090703197,0.3956725227042307,-9.609694638371922,0.0629837134162745,94.5426530325593,-35
5,2025-07-26T21:03:27.727626,DEMO_UNIFIED_001,ㅏ,vowel,217.6604624431811,202.0510289225774,868.6618124666753,840.2247796471796,832.9381537174047,-0.375907535598421,-0.3602824229688605,15.10561114312854,0.2618384775892763,-9.740001877590178,0.0857413441993135,93.0912072687884,-39
66,2025-07-26T21:03:28.045814,DEMO_UNIFIED_001,ㅏ,vowel,197.43700079278187,213.2260699158655,861.3150218544395,831.9856960128433,837.658011974152,-0.1277543999348124,-0.2096191425304892,15.399801685011774,0.2314966272041588,-9.705942688854892,0.0689250035681251,93.1408843389343,-37
65,2025-07-26T21:03:28.045805,DEMO_UNIFIED_001,ㅏ,vowel,186.04880787422985,216.31448837465123,848.1025933110259,862.4058991940454,867.3593520171044,0.3944391683510727,0.3445289652976996,15.21136545949236,0.3410922525200203,-9.663740711049924,0.1783867047549676,97.65343213396709,-50
35,2025-07-26T21:03:27.833337,DEMO_UNIFIED_001,ㅏ,vowel,200.4530622543338,187.2422916418952,851.3443688168883,842.0188656159538,859.3237364140318,0.0847570394975559,-0.0334751935733782,14.976360608724567,0.3189005548176862,-9.796027823730604,0.1612305255653744,94.72763652987209,-31
16,2025-07-26T21:03:27.727733,DEMO_UNIFIED_001,ㅏ,vowel,182.11405862455817,189.45789331819873,843.3385525100766,855.6413233405564,859.7178391517523,0.4793483427281763,-0.0111404101291301,15.055767210979138,0.2646183218162613,-9.780320288172504,0.1417631082715324,86.47996551418272,-47
49,2025-07-26T21:03:27.939533,DEMO_UNIFIED_001,ㅏ,vowel,209.33562627963315,193.168671083736,854.0704710746982,860.9498932387158,840.8153040329287,0.0535506756721265,0.3157655666148259,14.54249908517092,0.3963740664841656,-9.735413093211504,0.0808080644692562,95.80745041456564,-47
34,2025-07-26T21:03:27.833324,DEMO_UNIFIED_001,ㅏ,vowel,209.53866164541273,205.89660955923387,860.5168248913178,835.7374968214357,859.4581287370544,-0.4849586837840679,0.0295025266111438,14.65663626417578,0.2684628050209322,-9.76521113587564,0.0585619883659386,86.41818075934665,-30
7,2025-07-26T21:03:27.727646,DEMO_UNIFIED_001,ㅏ,vowel,211.70883517813593,196.72356210420975,834.6182328112913,863.0987204590639,849.2471122303062,-0.0456198946024165,-0.462515738859426,15.075699292610809,0.3632217138072877,-9.799232546019631,0.1877763556379398,97.19626707123524,-38
95,2025-07-26T21:03:28.152350,DEMO_UNIFIED_001,ㅏ,vowel,219.76241147923207,206.2702112240455,859.2534253813941,841.2237060753205,851.9130143551795,0.4466772653291849,0.4649573471819404,15.412451538954116,0.368764083123222,-9.74377887179953,0.1442350007027829,86.38038619716022,-37
27,2025-07-26T21:03:27.833238,DEMO_UNIFIED_001,ㅏ,vowel,217.6855801194164,194.58842193843705,830.3353119587399,857.25245883026,844.3448619029822,-0.4012665632633391,-0.2691456471780225,14.830551178821986,0.2645700829036123,-9.690098208756464,0.1038345145000133,85.5657374005912,-34
19,2025-07-26T21:03:27.727762,DEMO_UNIFIED_001,ㅏ,vowel,190.70420100093153,217.867393340455,839.6148658283283,841.1870622607898,833.19569816876,0.051431427996365,-0.1023667543274109,14.95282899300358,0.3075603454921636,-9.681640673372115,0.1369222005817564,85.14201163897378,-50
81,2025-07-26T21:03:28.151996,DEMO_UNIFIED_001,ㅏ,vowel,210.28125493323367,204.4658731141903,830.5458021224866,838.378307312707,860.7754363755971,-0.2597499981599582,-0.3393019244899079,15.341711003613648,0.256730270297653,-9.73502958313586,0.0030319398086344,96.58765015845364,-31
25,2025-07-26T21:03:27.833211,DEMO_UNIFIED_001,ㅏ,vowel,204.15176575492623,216.41660887141177,849.5531179648452,842.9767906303937,843.8336784913558,-0.066073495895394,0.1540515513227768,15.459000854856985,0.294148868596733,-9.712781803744624,0.0368767250821965,98.04109009470272,-41
62,2025-07-26T21:03:28.045778,DEMO_UNIFIED_001,ㅏ,vowel,199.03669155631783,209.47488250227255,841.3077100391755,868.6867026905142,852.8069694237149,0.0852318476892725,-0.1328673754992705,15.48581245060063,0.2127697488144898,-9.696437890581286,0.171396336181286,96.6466069774854,-33
13,2025-07-26T21:03:27.727705,DEMO_UNIFIED_001,ㅏ,vowel,214.50838567012048,214.67428506681324,866.9521872077294,841.7300974586747,868.167112636711,-0.0729097320245701,-0.1225443248795896,14.503781909419104,0.2966894479213631,-9.634451352981886,0.1169988760186981,93.23543346089411,-49
24,2025-07-26T21:03:27.833197,DEMO_UNIFIED_001,ㅏ,vowel,190.5316456769847,206.63666536054717,865.7370838141943,840.1186684840859,867.654320599213,0.0868974931024685,0.0092407862761363,14.775335322600684,0.3102367026733872,-9.69478526192297,0.1048747164944448,95.0084306099886,-50
3,2025-07-26T21:03:27.727606,DEMO_UNIFIED_001,ㅏ,vowel,195.2280225647549,202.37335305554285,855.3706289015871,837.8259911318115,839.9064409231681,0.0925801738141705,-0.1312486685555124,14.559969112367346,0.344418632712289,-9.67820976058315,0.0128306194656014,85.42318290059282,-46
17,2025-07-26T21:03:27.727743,DEMO_UNIFIED_001,ㅏ,vowel,186.80392255666783,191.3806671806742,852.2801580655655,852.166065324271,847.8845118764392,-0.27426682805157,0.2671248905236452,14.845359850569038,0.3172780901315943,-9.750839066161044,0.135556419211513,86.16953639618657,-44
38,2025-07-26T21:03:27.833376,DEMO_UNIFIED_001,ㅏ,vowel,180.04575018716366,188.57929612792128,846.0783453863924,864.3602875854415,865.6441442523914,0.0491866844904516,0.0976022331820543,15.216491807374116,0.3511128958141229,-9.600084896124066,0.052522256203453,97.13318744161832,-42
8,2025-07-26T21:03:27.727656,DEMO_UNIFIED_001,ㅏ,vowel,218.4716468514398,182.99226494647544,839.0927065673418,863.1339807975646,846.6908915819644,0.0938488820127999,-0.0182081092707711,14.981040527914104,0.2694382602448058,-9.653528208815247,0.1271965633229998,86.73837825879615,-35
78,2025-07-26T21:03:28.045925,DEMO_UNIFIED_001,ㅏ,vowel,187.33329508702832,207.1898076613287,853.5264715730423,855.6035045874512,861.594057699044,-0.2940636351439458,-0.4762019710110551,14.526256742184756,0.2242717009973187,-9.65181252511668,0.133900341520905,96.68621011380918,-33
6,2025-07-26T21:03:27.727636,DEMO_UNIFIED_001,ㅏ,vowel,189.63373134367376,198.42053126452896,834.1058790211783,839.1157759526493,860.2295162016549,0.1843499806685243,0.407299304702779,14.942145589822989,0.2774828574747403,-9.651379689312728,0.1705160285937362,92.22035255362476,-49
64,2025-07-26T21:03:28.045797,DEMO_UNIFIED_001,ㅏ,vowel,214.98242680070197,209.719996949448,866.5627708274404,867.5959289699767,853.7725601184533,0.2424795546231611,0.3877734193858714,14.675347900207482,0.3029089432772945,-9.617009702551307,0.127027606969685,98.56348408488417,-49
36,2025-07-26T21:03:27.833349,DEMO_UNIFIED_001,ㅏ,vowel,199.37592987383536,206.97744014040515,850.8608803920873,835.5211164560502,837.9157786592501,-0.3656213075292541,0.4644846419279516,15.157236486199327,0.2142337897029065,-9.707350205637868,0.1940297422778297,89.31836399846185,-48
89,2025-07-26T21:03:28.152263,DEMO_UNIFIED_001,ㅏ,vowel,202.84430218284368,185.14206746110423,845.0410541060463,845.2559528882286,849.8877767920887,0.0211694590812228,0.0209586453865444,15.391234760206908,0.2369176024215067,-9.617767361857265,0.021546343690747,89.8698038911073,-34
56,2025-07-26T21:03:27.939599,DEMO_UNIFIED_001,ㅏ,vowel,207.3762622090885,200.87877074662936,853.758291878813,837.5142205302618,849.5332864933304,0.0391042680838379,0.1864529963615528,15.306028948973887,0.3170796771697728,-9.73430940331192,0.143638845375739,95.1035134167886,-37
99,2025-07-26T21:03:28.152406,DEMO_UNIFIED_001,ㅏ,vowel,218.61674144830647,209.11350930009968,867.1722797042019,845.5807381494833,840.0116292910766,0.4520731858628355,-0.1100391731035229,14.538256816865902,0.3168085633246062,-9.718226026379694,0.10894236667206,87.54559102335308,-45
54,2025-07-26T21:03:27.939578,DEMO_UNIFIED_001,ㅏ,vowel,182.80453035631328,213.9317176181002,864.0123297976768,869.4596502081516,834.6544549404045,0.0076565397325443,-0.0656091920698224,14.749039446748274,0.3677542896577327,-9.675564084379005,0.0170129814457464,95.6634201428528,-42
43,2025-07-26T21:03:27.939464,DEMO_UNIFIED_001,ㅏ,vowel,199.3035103724122,185.27802876272676,868.1583930337265,859.0241741944152,850.1035893879211,0.1576688054971051,0.2646381698458461,14.784827529086844,0.2543492751304033,-9.707138711771648,0.1367838864632278,92.22672844095756,-39
50,2025-07-26T21:03:27.939542,DEMO_UNIFIED_001,ㅏ,vowel,219.38345426106483,211.3286787382623,864.5913983709224,855.7518011661824,838.4862814229612,-0.4958152595759635,-0.4966531931929564,15.13765896028314,0.2516971226637771,-9.694594166421416,0.1769388808870644,98.02237525926044,-45
67,2025-07-26T21:03:28.045823,DEMO_UNIFIED_001,ㅏ,vowel,216.1006660951237,204.32529445053095,832.3107129600174,858.7808905793564,833.399541028335,-0.2263842567624718,-0.1788904294637537,15.474816302350217,0.3671739879931421,-9.648255823631454,0.1427811065405735,92.01278425384606,-31
46,2025-07-26T21:03:27.939500,DEMO_UNIFIED_001,ㅏ,vowel,206.86366219594572,186.0067192124781,835.1651730589487,858.7603327088152,835.9261077920166,-0.0020955144507984,-0.1751979397234475,14.783171800558128,0.3526112100079842,-9.740528402789426,0.1173450392710184,93.52059770688396,-35
68,2025-07-26T21:03:28.045832,DEMO_UNIFIED_001,ㅏ,vowel,180.74349475741872,182.4680764324406,843.4038700150716,847.4521150144043,859.7729084671898,0.3124893287977199,-0.2160845192544865,15.354101257479329,0.301397740177035,-9.625830899370076,0.1970509372929297,93.47468274168077,-47
61,2025-07-26T21:03:28.045766,DEMO_UNIFIED_001,ㅏ,vowel,180.3465282299143,184.3476585629012,841.8521543548346,853.1482385203417,831.0495742106943,-0.0492149553830461,-0.123379489540855,15.436521148124529,0.3453288291164411,-9.715743888732456,0.0164860895620213,87.67593368458253,-49
97,2025-07-26T21:03:28.152378,DEMO_UNIFIED_001,ㅏ,vowel,204.19739037121587,210.26422971471368,869.9227240667805,850.230616610219,851.2892360646446,-0.4250432105501086,-0.4610978431561663,14.960066523356629,0.2907736122222035,-9.653518076772563,0.065264302270711,99.3558899358935,-33
79,2025-07-26T21:03:28.045934,DEMO_UNIFIED_001,ㅏ,vowel,213.8695363954945,186.75351126497495,843.1996234923332,843.5494752418032,846.1202288521055,0.0853371374209985,-0.1159937323195107,14.5866379417152,0.2985739896439694,-9.719979850142703,0.108713344161275,85.92407315067904,-34
41,2025-07-26T21:03:27.939442,DEMO_UNIFIED_001,ㅏ,vowel,184.9902432092672,196.3602119202911,836.2267072893894,855.0386655943016,861.2797135133952,-0.4542408090362859,-0.2660933563027569,14.717506351608831,0.2225134988416099,-9.744248618137554,0.0537551977747983,99.46933252316552,-35
58,2025-07-26T21:03:27.939619,DEMO_UNIFIED_001,ㅏ,vowel,208.56805500805717,193.33893908892648,835.3239795073312,830.9126620436722,836.3288279100009,-0.3189419355680614,-0.4770268856251194,14.58977705364344,0.2986774429021216,-9.70211565733294,0.085612086159351,88.46577261723351,-47
48,2025-07-26T21:03:27.939522,DEMO_UNIFIED_001,ㅏ,vowel,209.26440951619688,202.52636228372464,848.1278333486075,835.7822184860424,842.179952834383,-0.4427299783645562,-0.1791679087726762,15.476828959228293,0.3380346355881445,-9.789733064640275,0.1738253304747804,89.46547696036471,-30
98,2025-07-26T21:03:28.152392,DEMO_UNIFIED_001,ㅏ,vowel,187.0849490620207,200.67754807124535,847.7227773596587,850.9729530870235,853.8852040498432,-0.4358683752977065,-0.4039817930469128,15.195059190284848,0.3485947037234152,-9.751853843551856,0.164921852549537,93.97347491607516,-44
57,2025-07-26T21:03:27.939610,DEMO_UNIFIED_001,ㅏ,vowel,203.34851306564008,216.80255611281132,842.3094285527102,836.2258870502358,845.9204013349471,0.0590692317911538,0.4671466633817073,15.186471130564517,0.3930199801970055,-9.662914902335771,0.144217696035964,98.52933702070844,-39
75,2025-07-26T21:03:28.045898,DEMO_UNIFIED_001,ㅏ,vowel,210.30621291936544,208.32634150939583,838.2674620306739,834.6892231299321,856.3400408712533,0.0179693665852483,0.2509932603571576,14.589181606885203,0.2346261382049737,-9.63497329623338,0.1524937301393922,93.4346312404231,-32
32,2025-07-26T21:03:27.833300,DEMO_UNIFIED_001,ㅏ,vowel,212.6747291133714,207.54660890922284,855.9194102897327,864.2950041254862,837.0838892941565,-0.0629819904006839,-0.2551103069913875,14.86065305247326,0.3580665555203333,-9.631072907524825,0.1934505312380346,86.04640569606752,-49
94,2025-07-26T21:03:28.152335,DEMO_UNIFIED_001,ㅏ,vowel,195.54192734740317,206.60711713214533,854.4395806767894,841.8640257393706,848.4321734262002,0.155712873518405,-0.1950005897149153,15.178697370275504,0.3368374902637462,-9.695512425088252,0.1992904640937466,97.8835072358283,-43
59,2025-07-26T21:03:27.939627,DEMO_UNIFIED_001,ㅏ,vowel,180.09864728598947,200.1144566771818,841.7639235766142,856.9670860088225,842.3584457777073,-0.2515734489566686,-0.1063345361947563,15.476964111193483,0.2041697864658503,-9.77543494390672,0.0622739685426859,98.20949041028572,-46
63,2025-07-26T21:03:28.045787,DEMO_UNIFIED_001,ㅏ,vowel,186.3436919938282,195.0383758199848,864.2321007895,832.3576598991187,860.8224618801596,0.0976753062461275,-0.0256314281815521,15.43869439653551,0.3217943795536389,-9.664949543309362,0.113664621106162,94.8010478102652,-45
84,2025-07-26T21:03:28.152045,DEMO_UNIFIED_001,ㅏ,vowel,208.666662493427,203.1783037032413,834.5981259313198,868.7680792454199,832.0319649755254,0.0409391542538988,-0.1152393796597538,14.994864086236056,0.3755041325150294,-9.750538575470284,0.0488336398037631,87.92718400360924,-46
37,2025-07-26T21:03:27.833363,DEMO_UNIFIED_001,ㅏ,vowel,209.05575575604593,200.0466062533761,866.2211783753913,857.4229099840849,837.7753450945188,-0.4430374581488661,-0.4873285747234563,14.940177478420566,0.3888886738796121,-9.620319416278848,0.1496941895164663,87.48859118940697,-44
29,2025-07-26T21:03:27.833263,DEMO_UNIFIED_001,ㅏ,vowel,216.14976983838915,206.8062738293026,847.7837107176588,848.2023140707295,831.2866376913971,-0.1844285312421879,0.499433179364755,15.05980430429561,0.3148316435143956,-9.706992784038237,0.0202924690747889,94.43044184871154,-40
1,2025-07-26T21:03:27.727584,DEMO_UNIFIED_001,ㅏ,vowel,183.82690306984773,185.07753286022228,850.5557344829016,838.5175809341972,834.2981344474895,0.2980007832448273,-0.0511169271600139,15.01584401154511,0.3874245966722836,-9.778327084203084,0.1541603293645447,95.81053259803882,-42
52,2025-07-26T21:03:27.939560,DEMO_UNIFIED_001,ㅏ,vowel,182.4815592359789,194.02220205861195,843.5567190213106,833.1269197118684,839.2876925066065,0.4171136201615261,0.0789015526413492,15.054666500870068,0.3473654887272995,-9.700947494545147,0.0234440740284269,94.55152979437894,-30
21,2025-07-26T21:03:27.833154,DEMO_UNIFIED_001,ㅏ,vowel,186.34635744091707,215.97269048956733,833.0127874734823,851.161954063849,846.5059280567101,0.3688039274139018,-0.3536970092476459,14.92394637806633,0.3922827325020013,-9.798852273762122,0.0515290947169088,87.78949508534421,-30
2,2025-07-26T21:03:27.727596,DEMO_UNIFIED_001,ㅏ,vowel,183.59240950080112,211.27633893674908,866.4652590571918,868.2583848758068,856.3994260406519,0.4808549535412332,-0.2204752494759326,15.139757147651578,0.2955997651544967,-9.753967870832284,0.0755667767873465,89.92579980335093,-48
23,2025-07-26T21:03:27.833182,DEMO_UNIFIED_001,ㅏ,vowel,210.23653579403657,207.32860144832452,835.5052866296847,852.1598879596014,866.0656185688637,-0.1091414231368589,0.1188881894749409,15.341058804704325,0.3890319540221585,-9.730611916854295,0.0444874795599954,98.59186865535308,-32
87,2025-07-26T21:03:28.152232,DEMO_UNIFIED_001,ㅏ,vowel,218.9281614496134,197.50150519981827,847.9840064428417,864.1274630143985,841.2341458539904,0.3874680956143318,0.3121139571991032,14.862109399270809,0.3755965214836446,-9.785957868981727,0.1783397856280707,91.47567467051832,-37
91,2025-07-26T21:03:28.152291,DEMO_UNIFIED_001,ㅏ,vowel,181.70375696898043,192.8156516731368,863.5244285899611,835.8327438908177,834.1442925209913,0.0459563693594756,-0.3008061076342408,14.588515198860724,0.3718174136994883,-9.76984055395386,0.0486507709557648,86.91181744816959,-47
74,2025-07-26T21:03:28.045889,DEMO_UNIFIED_001,ㅏ,vowel,203.4106583110275,209.99749351163672,855.1083022216183,835.3758213193054,831.5988962354463,-0.4494546499160534,-0.1377706825657225,14.826297321889443,0.2301761258422931,-9.73378700524927,0.1622009889906004,86.55639073295384,-38
86,2025-07-26T21:03:28.152216,DEMO_UNIFIED_001,ㅏ,vowel,219.96493231782983,205.68077123535113,842.374278499549,835.672682082179,842.4335861449407,-0.3130917493929513,0.4989882132369899,15.152267286311703,0.3630899054828203,-9.615296033528542,0.0756064130939879,86.79999353528775,-43
82,2025-07-26T21:03:28.152013,DEMO_UNIFIED_001,ㅏ,vowel,191.8743113643638,193.6729848943086,843.916662582595,858.0685993152266,869.0864988221551,0.440533696017695,0.1007793516005057,15.01355378597392,0.2480164709633951,-9.781656862709731,0.1064509425320573,92.49739891497312,-30
20,2025-07-26T21:03:27.833081,DEMO_UNIFIED_001,ㅏ,vowel,218.5071762262669,195.95665632126816,869.9874927218979,853.761629463116,865.2872383368524,-0.2854937213375286,0.0972950627866818,14.587214556060244,0.3454352058521687,-9.635176052254025,0.1200763422489841,87.24347447909338,-38
60,2025-07-26T21:03:28.045694,DEMO_UNIFIED_001,ㅏ,vowel,187.02818210178,204.26318726116992,841.9688145608102,852.3202610727999,845.3553452783225,-0.0890038268070855,-0.2991896149508232,15.22201379454934,0.3134704947872033,-9.666719997677554,0.0435329253165063,98.85574550982054,-35
71,2025-07-26T21:03:28.045861,DEMO_UNIFIED_001,ㅏ,vowel,208.36763091208303,197.0178007826892,853.7355499709158,862.7891300699816,858.7096364833393,-0.1897481007202075,-0.1156548661857408,15.477270997361815,0.3257718931294448,-9.774854617664312,0.1647312642921955,89.3833167006649,-41
14,2025-07-26T21:03:27.727714,DEMO_UNIFIED_001,ㅏ,vowel,193.2369946765775,207.3746361487879,851.1082933023549,831.0227304699733,851.2500918883746,-0.4681090518200258,-0.3495480500390152,15.489979504038606,0.2547651796803666,-9.617804409287826,0.0195154455425418,89.00840431785922,-35
92,2025-07-26T21:03:28.152306,DEMO_UNIFIED_001,ㅏ,vowel,209.94103807644785,217.6095977089679,843.7631105241692,853.0171373850305,867.7086180674203,0.2260020939507101,0.459014418241606,15.24724884744116,0.3385178937106028,-9.760987239247804,0.0756547189417438,91.49344880153409,-43
51,2025-07-26T21:03:27.939551,DEMO_UNIFIED_001,ㅏ,vowel,211.5114090800657,187.94269098701935,842.6409417812121,867.9928510094544,845.4897700487954,-0.0822099184955889,-0.3723384015397153,14.5748942358118,0.2472815981380583,-9.644647957643052,0.034442523722792,86.29121119966268,-47
11,2025-07-26T21:03:28.261808,DEMO_UNIFIED_001,1,number,859.3464891927827,216.07772212570595,860.3976234968179,856.5905832081432,855.7609724835106,0.337594441734675,0.4414484127855976,-0.0925087922813729,0.0978009605706136,-9.771064639918972,0.0865003607865257,91.50906251600708,-39
47,2025-07-26T21:03:28.474186,DEMO_UNIFIED_001,1,number,838.0501550922053,197.59435209022527,861.898412674099,868.5090538588086,834.2870693579745,0.1465991766701542,-0.2679033323891989,0.4931330472270094,-0.0874559944998411,-9.856742725675598,-0.0592230980270486,92.2136827622139,-41
85,2025-07-26T21:03:28.687026,DEMO_UNIFIED_001,1,number,835.6735011253679,185.17205235917748,835.9715071006594,861.4924098913486,838.4970173090362,0.1237036493675466,0.2083609515688285,0.0044436724038129,-0.0022455692954064,-9.715852641813363,0.0865871327508266,89.38829982577113,-37
28,2025-07-26T21:03:28.368038,DEMO_UNIFIED_001,1,number,830.7227838536331,197.6300517645056,836.4363749050071,868.4326889858633,847.7244107981496,0.2395611322796688,0.4143828360582924,-0.2186710206475619,-0.007534307010559,-9.8454966553963,0.043689916248493,90.0579410511946,-50
93,2025-07-26T21:03:28.687145,DEMO_UNIFIED_001,1,number,869.4372600815685,193.71233220331848,835.0476978141477,836.8959955808333,863.5135605540603,0.0165605399217535,0.0753078113800054,0.1503227916266212,0.0144943360346783,-9.747291431532464,0.0604439001563559,88.48667927328694,-32
5,2025-07-26T21:03:28.261720,DEMO_UNIFIED_001,1,number,847.8592661331662,183.56596967505433,831.773309798419,845.9411515563768,848.8611298125346,0.3885555415585685,-0.3504278684399891,-0.1755685692006012,-0.0847108794763354,-9.800550304006176,0.0990371967098697,97.58043458132052,-44
66,2025-07-26T21:03:28.580579,DEMO_UNIFIED_001,1,number,851.5977968562142,181.23654959832297,830.4603163333447,841.1296383006425,832.5422453517366,0.1104310210881085,0.3754421690656617,-0.2961047447293613,-0.029437030162183,-9.796072033779264,-0.0778917121699093,95.9236353171284,-47
65,2025-07-26T21:03:28.580568,DEMO_UNIFIED_001,1,number,863.6835757207076,190.39736329821432,867.2529433822808,841.6895023214462,869.9029572921564,-0.313265119241903,0.1717950297013408,-0.4742519415598533,-0.0999695285078589,-9.727466740711671,-0.0907448106589836,96.97529684109202,-37
35,2025-07-26T21:03:28.368109,DEMO_UNIFIED_001,1,number,838.3871403219358,213.00734195321093,850.483242060963,844.4236400203824,857.8820162396055,0.1685850412317969,0.3100531457496401,0.2441824832631559,-0.0799806044864408,-9.827780554740563,0.0777854982915545,89.18511137642251,-30
16,2025-07-26T21:03:28.261881,DEMO_UNIFIED_001,1,number,865.0627612498961,203.70421184123884,863.4840132249094,841.6083041043628,835.3146929156572,0.2187975803788926,0.0467955594440284,-0.20436013581395,-0.0315170362067501,-9.750714757190533,0.0166649051044397,86.49671156265335,-43
49,2025-07-26T21:03:28.474210,DEMO_UNIFIED_001,1,number,867.465744722298,207.0398292092691,849.5052504682981,844.4184581389383,865.9384516322253,-0.3761054398987374,-0.4241885784811569,-0.131878049967859,-0.0023885585017671,-9.816370926478362,-0.0835386704174153,86.63340255351277,-46
34,2025-07-26T21:03:28.368101,DEMO_UNIFIED_001,1,number,836.9796224407175,217.20182567556884,857.6362010201817,862.5026178283608,840.4992434069516,0.3086543809455355,0.4602569609107213,0.4231779570362926,0.0619346277743222,-9.881542406797385,0.0986262226611934,87.24804712630333,-45
7,2025-07-26T21:03:28.261750,DEMO_UNIFIED_001,1,number,866.1577133844963,202.13201155323165,843.0477575346972,856.5454497115996,846.9253978256869,-0.1649394949492875,0.4043435719287844,-0.1512324579133204,0.0766311711085998,-9.726003519507346,-0.0498050507272554,85.08236465296751,-31
95,2025-07-26T21:03:28.687170,DEMO_UNIFIED_001,1,number,861.9802578742595,193.4523984251532,867.7519934586688,845.3452830288055,838.7781202823409,0.1815788758630725,-0.404796608636517,0.4743855514952569,0.0922413344487993,-9.884523501811806,0.0515661597094805,94.14107141348272,-32
27,2025-07-26T21:03:28.368031,DEMO_UNIFIED_001,1,number,839.4856355830942,190.25322858847477,865.6117523981944,856.1127270809994,849.1692290089508,-0.4091787410112788,0.0617057762180327,-0.2681956052597349,0.0444588360555627,-9.759277869424569,-0.0080627560213747,93.27155533687316,-40
19,2025-07-26T21:03:28.261925,DEMO_UNIFIED_001,1,number,846.2242875344575,208.9904376525874,844.9158423497984,854.4057852695408,849.0868956023927,0.4000202314541672,0.1031325840037142,0.0062677541606837,0.0552333514157669,-9.72447693380424,0.0357728793732415,93.4319325118118,-31
81,2025-07-26T21:03:28.686830,DEMO_UNIFIED_001,1,number,848.9952828514749,203.8390676725834,856.5937344266366,865.5869686748123,866.4783672900779,-0.4406704823812626,0.1313410876808819,0.2662902399457559,0.0028577999347502,-9.71935812224488,-0.0670049594310154,87.89153998423907,-43
25,2025-07-26T21:03:28.368014,DEMO_UNIFIED_001,1,number,851.4696473167877,201.76438714107607,858.4011784397264,854.0329300295789,861.9263062654442,0.3070380448073193,0.1496196778830015,0.1057062378583638,-0.0601625702354999,-9.736010035901202,0.0331393577705217,90.37214301898616,-40
62,2025-07-26T21:03:28.580532,DEMO_UNIFIED_001,1,number,864.8611038967231,184.62102631875044,833.1212463366824,840.4283031046691,846.8231222394835,-0.2670363476216274,-0.1468715060238702,-0.3240493427436859,0.0184446640962158,-9.887190385337702,0.0408830857957044,98.83251756798444,-42
13,2025-07-26T21:03:28.261837,DEMO_UNIFIED_001,1,number,857.3045061408119,186.03521635559895,845.1645417963678,831.0345238541549,859.092876166045,0.3226414069769681,-0.245145322254058,-0.0475142006111405,-0.010986282882892,-9.77801031678426,-0.009047091842554,86.50907127652938,-47
24,2025-07-26T21:03:28.368006,DEMO_UNIFIED_001,1,number,854.4500525430254,206.70593922887423,838.3812609514175,865.6913940853069,853.5971581720808,0.267315973042148,0.1927444234468075,0.1512260220408479,-0.0596531002238637,-9.719891727925814,0.0468447604249135,97.78595629917224,-43
3,2025-07-26T21:03:28.261690,DEMO_UNIFIED_001,1,number,849.7924980915484,193.74538003966632,831.2729842484437,848.652931445619,838.7329298702302,-0.0745637620404728,0.0905875259112103,-0.2652587577086739,-0.0458520729151097,-9.751343819242098,0.0821714757246379,96.90951099287074,-49
17,2025-07-26T21:03:28.261896,DEMO_UNIFIED_001,1,number,867.1407197711912,195.15251737844193,859.2448060669113,855.5625137681188,860.5766241443437,0.4791655040458993,0.4991905165224495,0.2233285391966269,0.0542046462687669,-9.887945618535134,0.0369138270604338,99.82118195822586,-30
38,2025-07-26T21:03:28.368133,DEMO_UNIFIED_001,1,number,857.5624633945749,199.44100821482755,835.7772004949841,848.7502991464812,861.1391221169533,-0.1550456371072626,-0.3305371551072242,0.0586241940040533,0.0915313763711792,-9.81000770585678,-0.0525940377403627,98.07768067418183,-40
8,2025-07-26T21:03:28.261764,DEMO_UNIFIED_001,1,number,857.7046086820992,183.04744092047895,854.317505275092,851.3302678064133,836.5423772190204,-0.4417225137156613,0.0727727923382069,0.0191958364764802,-0.0348900570828066,-9.718627794061096,-0.0570995041724286,87.96241809022844,-36
78,2025-07-26T21:03:28.580736,DEMO_UNIFIED_001,1,number,853.2882668719956,203.67727644911432,841.2094489557419,847.1200140144842,863.5882612680409,-0.242962114325059,0.2151643596737243,-0.0943437483426331,-0.0840892452694825,-9.797869812605615,-0.0991652412239371,89.19320469151168,-42
6,2025-07-26T21:03:28.261735,DEMO_UNIFIED_001,1,number,865.1811135496318,189.77347529186216,831.3443335345628,846.7229651873781,851.7200916728578,0.2852711947726252,0.0511358548279515,0.4359717732737103,-0.0016974041368986,-9.794827042893104,0.0357657697448575,93.20080492597224,-48
64,2025-07-26T21:03:28.580556,DEMO_UNIFIED_001,1,number,864.5478684209751,203.7971916509043,855.2798808824751,846.3370693125426,831.8689651226942,0.4162653818271887,-0.0796838537859344,0.1041968367923769,-0.0617371637762907,-9.752060591981818,-0.0436479078043831,86.93723208575331,-41
36,2025-07-26T21:03:28.368117,DEMO_UNIFIED_001,1,number,853.7365827968754,193.5711480563756,846.5024430013444,845.9347632316645,867.4385532292675,0.374956659421139,-0.3615511154955869,-0.2359390176221768,0.0195399878421328,-9.891189126498675,-0.0001106585845274,85.48787541482605,-33
89,2025-07-26T21:03:28.687093,DEMO_UNIFIED_001,1,number,844.216860933855,196.09810230181048,844.6218888833064,847.1688509214308,837.2068169047077,-0.3971198769881001,-0.0254710859162041,-0.209649344528103,0.0614572047846927,-9.73528287337724,-0.0982463528421078,88.09240263114913,-36
56,2025-07-26T21:03:28.474305,DEMO_UNIFIED_001,1,number,846.0807629625375,208.4466095045698,832.9324753015874,850.7526066198051,848.1365927099565,-0.3839332062983324,0.3076594389130059,0.3653764791246978,-0.0255449664826284,-9.84718776863178,0.0137284455840545,91.83277093196882,-48
99,2025-07-26T21:03:28.687223,DEMO_UNIFIED_001,1,number,840.2633742828662,210.8040036784912,835.025916174343,845.349877416798,855.4332326422729,0.3086845887422417,-0.0294753943126887,-0.4344893939347197,-0.0615064771264254,-9.70132825852802,-0.0596556206719051,90.2908083982999,-34
54,2025-07-26T21:03:28.474272,DEMO_UNIFIED_001,1,number,864.0537694743721,193.11750243648473,839.7251114070219,860.2481604795386,833.182816656587,0.3763313035394233,0.3586037941743395,-0.3249794938065636,-0.0318118862691491,-9.809357750521162,0.0326422064626328,89.33248651582615,-47
43,2025-07-26T21:03:28.474134,DEMO_UNIFIED_001,1,number,849.3096759913111,193.1210328142689,857.3662163652809,841.7760898387575,863.5473900408009,-0.1140217055144902,-0.4276882645019019,0.2489754427717939,0.0844400142076254,-9.812879148278109,0.0264608862595073,91.86773970824984,-49
50,2025-07-26T21:03:28.474220,DEMO_UNIFIED_001,1,number,862.677642741381,184.76788028361807,850.336974529509,850.7134486808704,844.7503769507811,0.0472111023575709,-0.1724217916783689,0.180239202851848,0.0486695813667837,-9.895486227033077,0.0814922914837922,85.93480364374948,-43
67,2025-07-26T21:03:28.580619,DEMO_UNIFIED_001,1,number,861.9258232814542,198.73746388568932,846.3633273204648,836.4587584314679,840.5272813692029,0.174841497252988,0.4473553706479144,0.0394893624070851,-0.0895623119450044,-9.844871035628756,0.0712318862992062,95.34745563914844,-42
46,2025-07-26T21:03:28.474174,DEMO_UNIFIED_001,1,number,859.8409639707374,184.18724361530997,832.0395694554741,834.6962904243296,835.976440802094,-0.4628938708214136,-0.2318977702345961,0.1999463246341409,0.0931067839906995,-9.874154728967,0.0793118582304783,97.3484220460581,-46
68,2025-07-26T21:03:28.580635,DEMO_UNIFIED_001,1,number,835.3329345735885,196.1813251109103,861.3925564319838,860.528815949688,863.8034251434289,-0.121160769704517,0.3501247097857967,-0.3828946101814084,-0.0582470080253203,-9.82705634658794,0.0747816792266817,92.21180995428938,-47
61,2025-07-26T21:03:28.580519,DEMO_UNIFIED_001,1,number,837.8514949887497,180.7723513162649,840.9904703509796,860.612266758401,848.1517407721533,0.1951160359368282,-0.2895344864891493,-0.4163456028134323,-0.0021754011362439,-9.740087274714885,0.0999286197686592,86.29156152115544,-48
97,2025-07-26T21:03:28.687197,DEMO_UNIFIED_001,1,number,854.3912014646766,201.72771286353583,866.1584662963845,836.0663430456119,867.1136529553185,-0.300050396159585,0.4476603591717238,0.2928237176628879,-0.0227830865551845,-9.744509508684084,0.0776004681606279,85.58981234981161,-47
79,2025-07-26T21:03:28.580746,DEMO_UNIFIED_001,1,number,833.5962119907533,197.8473493568346,855.8189749809544,846.8565145478453,833.3527118097347,0.1788434730912225,-0.1002023759010793,0.0885278129266952,-0.0485667553932623,-9.722090388621464,0.0574922979634975,91.12829114387674,-50
41,2025-07-26T21:03:28.474107,DEMO_UNIFIED_001,1,number,845.8910459206323,198.27087348145125,836.0949786930082,842.8947786728125,843.3843784402952,-0.4426217861285071,-0.0053904639476597,-0.3409450002683102,0.0286846454247688,-9.853402111449917,0.0664376969594728,97.86659584174542,-31
58,2025-07-26T21:03:28.474334,DEMO_UNIFIED_001,1,number,834.5941774254334,215.05214923795933,855.5178496124731,868.7237047707553,837.2640856862811,-0.4463242748896706,0.1898367595611687,0.2143873748650947,-0.0514957454291773,-9.85385621191678,0.0435999873318352,99.23924064751148,-39
48,2025-07-26T21:03:28.474198,DEMO_UNIFIED_001,1,number,838.6247520295349,192.63193485106365,852.1159442756675,860.2141281968801,837.7574962993028,0.3353255969616679,0.0838856094636826,0.172413694289415,0.0758601219493384,-9.746355199557186,-0.009323786132839,98.0346866868513,-32
98,2025-07-26T21:03:28.687210,DEMO_UNIFIED_001,1,number,859.8977196049194,215.92330722534456,830.0594999732938,846.5304317586126,868.8233702101148,0.3268297335215243,0.4418377047083204,0.3277919452942983,0.0951608082993921,-9.710826312648535,0.0316893775594145,96.19864901323928,-49
57,2025-07-26T21:03:28.474315,DEMO_UNIFIED_001,1,number,843.0832484237303,192.5785726226027,850.4476853118615,856.0637152171851,848.9832099877987,0.3545966176090988,0.103714753149082,0.0061209856796133,-0.0230553012191895,-9.721564385591856,-0.0713137495256901,93.96344046897696,-32
75,2025-07-26T21:03:28.580707,DEMO_UNIFIED_001,1,number,860.3485953385525,181.97248745433168,858.1154451470876,869.7721681428803,845.8810755023644,-0.3220554868451354,0.3686803446234868,-0.0448919600635376,-0.0675907903128193,-9.845200526095926,-0.0171904962850004,85.19892892438621,-37
32,2025-07-26T21:03:28.368069,DEMO_UNIFIED_001,1,number,851.1685066841357,209.51693303675663,860.6852232677629,854.4617679547251,833.1348388047396,0.0727804008540916,-0.3365884058099254,0.2790516029741472,0.0514345773805661,-9.857814325193752,-0.041119673269136,89.41461698436214,-37
94,2025-07-26T21:03:28.687157,DEMO_UNIFIED_001,1,number,847.9667423075288,217.81715250544443,840.9426647033563,831.1796279960619,866.34091767118,-0.3459930084504348,-0.1210839141028126,-0.4924312548927735,-0.0150090486504516,-9.869137555055332,-0.0820203561397124,98.43305805980528,-33
59,2025-07-26T21:03:28.474345,DEMO_UNIFIED_001,1,number,842.7341910918074,207.6016536692572,860.2242845140903,869.9605578057362,862.4143524218197,0.4567635246402405,-0.076753872670318,0.0374023570075703,-0.0475162249657682,-9.877595262290944,0.0410358816132048,98.41553156715514,-50
63,2025-07-26T21:03:28.580544,DEMO_UNIFIED_001,1,number,831.9703034160657,192.899782186128,849.1607150781527,844.8170409223708,857.137393369199,0.0545375079449745,0.3416006822789582,-0.396970591984941,0.0291698170381943,-9.87170251980188,-0.0070706500613269,85.38083124294539,-38
84,2025-07-26T21:03:28.686872,DEMO_UNIFIED_001,1,number,860.5725081363821,199.37287101709663,859.8584485439097,833.750011761105,840.5641845657356,0.4273610721280365,0.2306669963092978,-0.4369287871549637,0.0682956873095781,-9.746296039249458,-0.0605619201198829,88.47071945979894,-31
37,2025-07-26T21:03:28.368125,DEMO_UNIFIED_001,1,number,841.7790728856742,193.24083183911836,836.5793453602253,866.101139719795,837.3193273748145,0.1384696199024244,-0.3129085628857685,-0.4769567953706587,-0.0015448420802414,-9.86123986474971,-0.0316914376007484,92.17381322547784,-35
29,2025-07-26T21:03:28.368046,DEMO_UNIFIED_001,1,number,853.0324587477147,215.87578532659367,863.9759960094991,852.8710494267468,849.6756335486784,0.3434868513226216,0.1996790578699668,0.2383478756278554,-0.0137900195513,-9.752636989180804,-0.089224566185902,89.3613763724528,-37
1,2025-07-26T21:03:28.261658,DEMO_UNIFIED_001,1,number,861.3509404503432,218.91894869943837,855.3353400893307,842.0739677279357,855.9479302071697,0.4478687235856134,0.0466772960815642,0.3358259117926219,0.0298874910386074,-9.736430636345505,-0.0488089365838722,93.10794243291336,-46
52,2025-07-26T21:03:28.474244,DEMO_UNIFIED_001,1,number,841.7740421380136,180.7118817572373,867.9711289815243,869.9704585908985,862.3072421702649,0.0383652842903382,0.4177454468974614,0.0067348286822521,0.0767643314729847,-9.846354359554349,0.091372070266722,91.42885470675344,-44
21,2025-07-26T21:03:28.367981,DEMO_UNIFIED_001,1,number,850.7800035589565,209.63939017983296,844.212600889309,842.1118268712789,854.8132558261168,-0.2868863461624199,0.0926279766405238,-0.3204744289559912,-0.0157115395594163,-9.884452506024644,-0.0510508899267815,98.0897861686872,-41
2,2025-07-26T21:03:28.261674,DEMO_UNIFIED_001,1,number,839.6033928048132,218.1941566570327,858.0257165187406,865.2041936565796,862.9252649020041,-0.2380675925075531,0.4581142812468802,-0.0906728298027803,-0.0373839892768931,-9.748295418266697,-0.0525507046708174,92.57568454158854,-37
23,2025-07-26T21:03:28.367997,DEMO_UNIFIED_001,1,number,839.3694438070853,194.28560720404116,831.9752443161317,857.7477523639243,855.8437992304297,0.062816132711121,0.1477623385486893,-0.3899707076993401,0.0868164449324445,-9.818236211862809,0.0350169295921953,95.37733731009608,-41
87,2025-07-26T21:03:28.687066,DEMO_UNIFIED_001,1,number,868.9174013503182,191.60157238490768,860.9293226122878,841.6807220119993,863.7378955069262,-0.2410019488969542,-0.214291251945713,0.17143017192826,0.0263542708787314,-9.702611014204791,0.0389922967710974,85.48338215578556,-35
91,2025-07-26T21:03:28.687118,DEMO_UNIFIED_001,1,number,840.4670171560177,188.19672487375175,838.7271864300573,856.7592483957002,837.948928988168,-0.25281522442059,0.4134237524670039,0.0037708177963188,-0.0344694897283777,-9.7354869494848,0.01572062810745,91.73911657077804,-44
74,2025-07-26T21:03:28.580697,DEMO_UNIFIED_001,1,number,834.044288676251,201.7824392320624,864.9435182824867,830.3319774271351,856.1185873774903,-0.3463872152206172,-0.0510236717318129,0.197003868806227,-0.0988603899878841,-9.755899586556753,0.0842918478577133,96.81657396438796,-31
86,2025-07-26T21:03:28.687040,DEMO_UNIFIED_001,1,number,865.9452233868926,180.6751735917991,836.38372038096,835.848895398706,830.8925166342891,0.134687615771557,0.2609755703743319,0.2202882637083831,-0.0724292401459008,-9.820938032951677,-0.0687878167986043,86.09270244407048,-34
82,2025-07-26T21:03:28.686846,DEMO_UNIFIED_001,1,number,839.2794306295028,204.77460615395427,844.0648881819288,851.0099929558099,846.1313812117405,0.1548309776358691,-0.4079835033191729,-0.3367816063765436,-0.0529328520750186,-9.726240214257976,0.0283244143359856,85.81393714827384,-31
20,2025-07-26T21:03:28.367936,DEMO_UNIFIED_001,1,number,867.214874259959,197.61285047574495,850.7236634444868,854.6143806942492,841.8359582235743,0.3824493415087685,0.1015326725238596,0.3953145584416492,0.0018698025015621,-9.737455809229822,0.0148662677666371,96.32929389822272,-46
60,2025-07-26T21:03:28.580446,DEMO_UNIFIED_001,1,number,830.9495439095444,197.8402752865052,830.3133592986517,865.5053471073269,868.9248054001323,0.1437956189928878,-0.0533600697737467,0.2822836717740966,-0.0726875846789226,-9.748670105408385,-0.0489042006454445,92.63317218135693,-47
71,2025-07-26T21:03:28.580668,DEMO_UNIFIED_001,1,number,856.3932686049318,210.223846900681,839.1028913242295,850.896479552203,846.005252365596,-0.4858738453414445,-0.3210994568808222,0.0624830512474419,0.0871001103883069,-9.859207087045547,0.0995730058695992,95.03012305346064,-40
14,2025-07-26T21:03:28.261851,DEMO_UNIFIED_001,1,number,865.4353486644005,182.3171820495017,833.3508622989197,859.9877034270445,851.4519841609726,0.0914585827755701,0.1856590637871783,0.1648168112937931,0.0390567823677751,-9.710404602237205,-0.0623490778683335,87.00327753879382,-37
92,2025-07-26T21:03:28.687131,DEMO_UNIFIED_001,1,number,832.1441271072852,213.35593041072948,843.8454458646285,830.3145505120613,865.2600555029151,-0.3735730784247876,-0.1913608470109894,-0.3491966896679477,0.0861764581620214,-9.81799133458409,0.0068455870698612,99.67520981893526,-39
51,2025-07-26T21:03:28.474232,DEMO_UNIFIED_001,1,number,849.5658410991397,217.00811622143937,839.1817647943882,852.6582376313013,842.4904629610921,-0.0944096534626715,-0.1953395316437209,0.2616135619617614,-0.0001344571536161,-9.874728881329972,-0.0757745500364662,86.61148945340334,-43
